,,,LHV (MJ/kg),Price (£/tonne),Boiler Efficiency,kgCO2e/MWh,,,,,,,,,,,,,,,,,,,,,,,,,,,
,2021 Prices and Emission factors,Natural Gas,42,292,0.9,200,,,,,,,,,,,,,,,,,,,,,,,,,,,
,,Blue Hydrogen,120,1800,0.9,20,,,,,,,,,,,,,,,,,,,,,,,,,,,
,,,,,,,,,,,,,,,,,,,,,,,,,,,,,,,,,
,,,,,,,,,,,,,,,,,,,,,,,,,,,,,,,,,
,,,,,,,,,,,,,,INCENTIVES,,,,,,,,,,,,,,,,,,,
Technology,PLANT,CO2 Emissions from natural gas combustion (kg/yr),Price of steam produced from Natural gas combustion (£/MWh),Thermal Energy required from fuel (MJ/year),Market Occupancy,,Hydrogen fuel required (kg/year) ,Hydrogen fuel required (tonne/year) ,Hydrogen output (MWh/year),Hydrogen operating cost (£/year),CO2 Emissions from Hydrogen (kg/year),Price of steam produced from Hydrogen combustion (£/MWh),,Renewable hydrogen incentive (£/MWh),CONSTRAINT 4,Impact of incentive (£/MWh),CONSTRAINT 3,Market Share,CONSTRAINT 2,NEW HYDROGEN DEMAND,,CUMULATIVE HYDROGEN DEMAND,A,152705.3923,t/yr,,,,,,0.01,,0.154294933
,,,,,,,,,,,,,,,,,,58.95%,<=,,,INITIAL HYDROGEN DEMAND,Ao,96071.958,t/yr,,,,,,0.02,,0.33456489
Boiler 1,UK Chemical Industry…,"445,220",28,"8,013,960",0.000695135,,66783,66.783,2003.49,120209.4,40069.8,60,,41,<=,-9,<=,0.000695135,=<=,66.783,,LEARNING RATE,LR,0.07,,,,,,,0.03,,0.544912776
Boiler 2,UK Chemical Industry…,"445,220",28,"8,013,960",0.000695135,,66783,66.783,2003.49,120209.4,40069.8,60,,41,<=,-9,<=,0.000695135,=<=,66.783,,LEARNING PARAMETER,B,0.104697379,,,,,,,0.04,,0.791620247
Boiler 3,UK Chemical Industry…,"445,220",28,"8,013,960",0.000695135,,66783,66.783,2003.49,120209.4,40069.8,60,,41,<=,-9,<=,0.000695135,=<=,66.783,,INITIAL HYDROGEN PRICE,Uco,1800,,,,,,,0.047362002,,1
Boiler 4,UK Chemical Industry…,"445,220",28,"8,013,960",0.000695135,,66783,66.783,2003.49,120209.4,40069.8,60,,41,<=,-9,<=,0.000695135,=<=,66.783,,PRICE DUE TO LEARNING,UC,1714.752119,,,,,,,,,
Boiler 5,UK Chemical Industry…,"445,220",28,"8,013,960",0.000695135,,66783,66.783,2003.49,120209.4,40069.8,60,,41,<=,-9,<=,0,<=,0,,,,,,,,,,,,,
Boiler 6,UK Chemical Industry…,"445,220",28,"8,013,960",0.000695135,,66783,66.783,2003.49,120209.4,40069.8,60,,41,<=,-9,<=,0.000695135,=<=,66.783,,OBJECTIVE FUNCTION,,85.24788093,,,,,,,,,
Boiler 7,UK Chemical Industry…,"445,220",28,"8,013,960",0.000695135,,66783,66.783,2003.49,120209.4,40069.8,60,,41,<=,-9,<=,0.000695135,=<=,66.783,,,,,,,,,,,,,
Boiler 8,UK Chemical Industry…,"445,220",28,"8,013,960",0.000695135,,66783,66.783,2003.49,120209.4,40069.8,60,,41,<=,-9,<=,0,<=,0,,CONSTRAINT 1:,,0.047359934,=<=,0.047362002,,,,,,,
Boiler 9,UK Chemical Industry…,"445,220",28,"8,013,960",0.000695135,,66783,66.783,2003.49,120209.4,40069.8,60,,41,<=,-9,<=,0.000695135,=<=,66.783,,,,,,,,,,,,,
Boiler 10,UK Chemical Industry…,"445,220",28,"8,013,960",0.000695135,,66783,66.783,2003.49,120209.4,40069.8,60,,41,<=,-9,<=,0.000695135,=<=,66.783,,,,,,,,,,,,,
Boiler 11,UK Chemical Industry…,"445,220",28,"8,013,960",0.000695135,,66783,66.783,2003.49,120209.4,40069.8,60,,41,<=,-9,<=,0,<=,0,,,,,,,,,,,,,
Boiler 12,UK Chemical Industry…,"445,220",28,"8,013,960",0.000695135,,66783,66.783,2003.49,120209.4,40069.8,60,,41,<=,-9,<=,0,<=,0,,,,,,,,,,,,,
Boiler 13,UK Chemical Industry…,"445,220",28,"8,013,960",0.000695135,,66783,66.783,2003.49,120209.4,40069.8,60,,32,<=,0,=<=,0,<=,0,,,,,,,,,,,,,
Boiler 14,UK Chemical Industry…,"445,220",28,"8,013,960",0.000695135,,66783,66.783,2003.49,120209.4,40069.8,60,,41,<=,-9,<=,0.000695135,=<=,66.783,,,,,,,,,,,,,
Boiler 15,UK Chemical Industry…,"445,220",28,"8,013,960",0.000695135,,66783,66.783,2003.49,120209.4,40069.8,60,,41,<=,-9,<=,0.000695135,=<=,66.783,,,,,,,,,,,,,
Boiler 16,UK Chemical Industry…,"445,220",28,"8,013,960",0.000695135,,66783,66.783,2003.49,120209.4,40069.8,60,,41,<=,-9,<=,0.000695135,=<=,66.783,,,,,,,,,,,,,
Boiler 17,UK Chemical Industry…,"445,220",28,"8,013,960",0.000695135,,66783,66.783,2003.49,120209.4,40069.8,60,,41,<=,-9,<=,0.000695135,=<=,66.783,,,,,,,,,,,,,
Boiler 18,UK Chemical Industry…,"445,220",28,"8,013,960",0.000695135,,66783,66.783,2003.49,120209.4,40069.8,60,,41,<=,-9,<=,0,<=,0,,,,,,,,,,,,,
Boiler 19,UK Chemical Industry…,"445,220",28,"8,013,960",0.000695135,,66783,66.783,2003.49,120209.4,40069.8,60,,41,<=,-9,<=,0,<=,0,,,,,,,,,,,,,
Boiler 20,UK Chemical Industry…,"445,220",28,"8,013,960",0.000695135,,66783,66.783,2003.49,120209.4,40069.8,60,,41,<=,-9,<=,0,<=,0,,,,,,,,,,,,,
Boiler 21,UK Chemical Industry…,"445,220",28,"8,013,960",0.000695135,,66783,66.783,2003.49,120209.4,40069.8,60,,41,<=,-9,<=,0.000695135,=<=,66.783,,,,,,,,,,,,,
Boiler 22,UK Chemical Industry…,"445,220",28,"8,013,960",0.000695135,,66783,66.783,2003.49,120209.4,40069.8,60,,41,<=,-9,<=,0.000695135,=<=,66.783,,,,,,,,,,,,,
Boiler 23,UK Chemical Industry…,"445,220",28,"8,013,960",0.000695135,,66783,66.783,2003.49,120209.4,40069.8,60,,41,<=,-9,<=,0.000695135,=<=,66.783,,,,,,,,,,,,,
Boiler 24,UK Chemical Industry…,"445,220",28,"8,013,960",0.000695135,,66783,66.783,2003.49,120209.4,40069.8,60,,41,<=,-9,<=,0.000695135,=<=,66.783,,,,,,,,,,,,,
Boiler 25,UK Chemical Industry…,"445,220",28,"8,013,960",0.000695135,,66783,66.783,2003.49,120209.4,40069.8,60,,41,<=,-9,<=,0.000695135,=<=,66.783,,,,,,,,,,,,,
Boiler 26,UK Chemical Industry…,"445,220",28,"8,013,960",0.000695135,,66783,66.783,2003.49,120209.4,40069.8,60,,41,<=,-9,<=,0.000695135,=<=,66.783,,,,,,,,,,,,,
Boiler 27,UK Chemical Industry…,"445,220",28,"8,013,960",0.000695135,,66783,66.783,2003.49,120209.4,40069.8,60,,41,<=,-9,<=,0,<=,0,,,,,,,,,,,,,
Boiler 28,UK Chemical Industry…,"445,220",28,"8,013,960",0.000695135,,66783,66.783,2003.49,120209.4,40069.8,60,,41,<=,-9,<=,0,<=,0,,,,,,,,,,,,,
Boiler 29,UK Chemical Industry…,"445,220",28,"8,013,960",0.000695135,,66783,66.783,2003.49,120209.4,40069.8,60,,41,<=,-9,<=,0,<=,0,,,,,,,,,,,,,
Boiler 30,UK Chemical Industry…,"445,220",28,"8,013,960",0.000695135,,66783,66.783,2003.49,120209.4,40069.8,60,,41,<=,-9,<=,0,<=,0,,,,,,,,,,,,,
Boiler 31,UK Chemical Industry…,"445,220",28,"8,013,960",0.000695135,,66783,66.783,2003.49,120209.4,40069.8,60,,41,<=,-9,<=,0,<=,0,,,,,,,,,,,,,
Boiler 32,UK Chemical Industry…,"445,220",28,"8,013,960",0.000695135,,66783,66.783,2003.49,120209.4,40069.8,60,,41,<=,-9,<=,0.000695135,=<=,66.783,,,,,,,,,,,,,
Boiler 33,UK Chemical Industry…,"445,220",28,"8,013,960",0.000695135,,66783,66.783,2003.49,120209.4,40069.8,60,,41,<=,-9,<=,0.000695135,=<=,66.783,,,,,,,,,,,,,
Boiler 34,UK Chemical Industry…,"445,220",28,"8,013,960",0.000695135,,66783,66.783,2003.49,120209.4,40069.8,60,,41,<=,-9,<=,0.000695135,=<=,66.783,,,,,,,,,,,,,
Boiler 35,UK Chemical Industry…,"445,220",28,"8,013,960",0.000695135,,66783,66.783,2003.49,120209.4,40069.8,60,,41,<=,-9,<=,0.000695135,=<=,66.783,,,,,,,,,,,,,
Boiler 36,UK Chemical Industry…,"445,220",28,"8,013,960",0.000695135,,66783,66.783,2003.49,120209.4,40069.8,60,,41,<=,-9,<=,0.000695135,=<=,66.783,,,,,,,,,,,,,
Boiler 37,UK Chemical Industry…,"445,220",28,"8,013,960",0.000695135,,66783,66.783,2003.49,120209.4,40069.8,60,,41,<=,-9,<=,0.000695135,=<=,66.783,,,,,,,,,,,,,
Boiler 38,UK Chemical Industry…,"445,220",28,"8,013,960",0.000695135,,66783,66.783,2003.49,120209.4,40069.8,60,,32,<=,0,=<=,0.000695135,=<=,66.783,,,,,,,,,,,,,
Boiler 39,UK Chemical Industry…,"445,220",28,"8,013,960",0.000695135,,66783,66.783,2003.49,120209.4,40069.8,60,,41,<=,-9,<=,0.000695135,=<=,66.783,,,,,,,,,,,,,
Boiler 40,UK Chemical Industry…,"445,220",28,"8,013,960",0.000695135,,66783,66.783,2003.49,120209.4,40069.8,60,,41,<=,-9,<=,0.000695135,=<=,66.783,,,,,,,,,,,,,
Boiler 41,UK Chemical Industry…,"445,220",28,"8,013,960",0.000695135,,66783,66.783,2003.49,120209.4,40069.8,60,,41,<=,-9,<=,0.000695135,=<=,66.783,,,,,,,,,,,,,
Boiler 42,UK Chemical Industry…,"445,220",28,"8,013,960",0.000695135,,66783,66.783,2003.49,120209.4,40069.8,60,,41,<=,-9,<=,0,<=,0,,,,,,,,,,,,,
Boiler 43,UK Chemical Industry…,"445,220",28,"8,013,960",0.000695135,,66783,66.783,2003.49,120209.4,40069.8,60,,41,<=,-9,<=,0,<=,0,,,,,,,,,,,,,
Boiler 44,UK Chemical Industry…,"445,220",28,"8,013,960",0.000695135,,66783,66.783,2003.49,120209.4,40069.8,60,,41,<=,-9,<=,0,<=,0,,,,,,,,,,,,,
Boiler 45,UK Chemical Industry…,"445,220",28,"8,013,960",0.000695135,,66783,66.783,2003.49,120209.4,40069.8,60,,41,<=,-9,<=,0,<=,0,,,,,,,,,,,,,
Boiler 46,UK Chemical Industry…,"445,220",28,"8,013,960",0.000695135,,66783,66.783,2003.49,120209.4,40069.8,60,,41,<=,-9,<=,0,<=,0,,,,,,,,,,,,,
Boiler 47,UK Chemical Industry…,"445,220",28,"8,013,960",0.000695135,,66783,66.783,2003.49,120209.4,40069.8,60,,41,<=,-9,<=,0,<=,0,,,,,,,,,,,,,
Boiler 48,UK Chemical Industry…,"445,220",28,"8,013,960",0.000695135,,66783,66.783,2003.49,120209.4,40069.8,60,,41,<=,-9,<=,0,<=,0,,,,,,,,,,,,,
Boiler 49,UK Chemical Industry…,"445,220",28,"8,013,960",0.000695135,,66783,66.783,2003.49,120209.4,40069.8,60,,41,<=,-9,<=,0.000695135,=<=,66.783,,,,,,,,,,,,,
Boiler 50,UK Chemical Industry…,"445,220",28,"8,013,960",0.000695135,,66783,66.783,2003.49,120209.4,40069.8,60,,41,<=,-9,<=,0.000695135,=<=,66.783,,,,,,,,,,,,,
Boiler 51,UK Chemical Industry…,"445,220",28,"8,013,960",0.000695135,,66783,66.783,2003.49,120209.4,40069.8,60,,32,<=,0,=<=,0.000695135,=<=,66.783,,,,,,,,,,,,,
Boiler 52,UK Chemical Industry…,"445,220",28,"8,013,960",0.000695135,,66783,66.783,2003.49,120209.4,40069.8,60,,41,<=,-9,<=,0.000695135,=<=,66.783,,,,,,,,,,,,,
Boiler 53,UK Chemical Industry…,"445,220",28,"8,013,960",0.000695135,,66783,66.783,2003.49,120209.4,40069.8,60,,41,<=,-9,<=,0.000695135,=<=,66.783,,,,,,,,,,,,,
Boiler 54,UK Chemical Industry…,"445,220",28,"8,013,960",0.000695135,,66783,66.783,2003.49,120209.4,40069.8,60,,41,<=,-9,<=,0.000695135,=<=,66.783,,,,,,,,,,,,,
Boiler 55,UK Chemical Industry…,"445,220",28,"8,013,960",0.000695135,,66783,66.783,2003.49,120209.4,40069.8,60,,41,<=,-9,<=,0.000695135,=<=,66.783,,,,,,,,,,,,,
Boiler 56,UK Chemical Industry…,"445,220",28,"8,013,960",0.000695135,,66783,66.783,2003.49,120209.4,40069.8,60,,41,<=,-9,<=,0.000695135,=<=,66.783,,,,,,,,,,,,,
Boiler 57,UK Chemical Industry…,"445,220",28,"8,013,960",0.000695135,,66783,66.783,2003.49,120209.4,40069.8,60,,41,<=,-9,<=,0.000695135,=<=,66.783,,,,,,,,,,,,,
Boiler 58,UK Chemical Industry…,"445,220",28,"8,013,960",0.000695135,,66783,66.783,2003.49,120209.4,40069.8,60,,41,<=,-9,<=,0.000695135,=<=,66.783,,,,,,,,,,,,,
Boiler 59,UK Chemical Industry…,"445,220",28,"8,013,960",0.000695135,,66783,66.783,2003.49,120209.4,40069.8,60,,41,<=,-9,<=,0.000695135,=<=,66.783,,,,,,,,,,,,,
Boiler 60,UK Chemical Industry…,"445,220",28,"8,013,960",0.000695135,,66783,66.783,2003.49,120209.4,40069.8,60,,41,<=,-9,<=,0,<=,0,,,,,,,,,,,,,
Boiler 61,UK Chemical Industry…,"445,220",28,"8,013,960",0.000695135,,66783,66.783,2003.49,120209.4,40069.8,60,,41,<=,-9,<=,0.000695135,=<=,66.783,,,,,,,,,,,,,
Boiler 62,UK Chemical Industry…,"445,220",28,"8,013,960",0.000695135,,66783,66.783,2003.49,120209.4,40069.8,60,,41,<=,-9,<=,0.000695135,=<=,66.783,,,,,,,,,,,,,
Boiler 63,UK Chemical Industry…,"445,220",28,"8,013,960",0.000695135,,66783,66.783,2003.49,120209.4,40069.8,60,,41,<=,-9,<=,0.000695135,=<=,66.783,,,,,,,,,,,,,
Boiler 64,UK Chemical Industry…,"445,220",28,"8,013,960",0.000695135,,66783,66.783,2003.49,120209.4,40069.8,60,,37,<=,-4,<=,0.000695135,=<=,66.783,,,,,,,,,,,,,
Boiler 65,UK Chemical Industry…,"445,220",28,"8,013,960",0.000695135,,66783,66.783,2003.49,120209.4,40069.8,60,,41,<=,-9,<=,0,<=,0,,,,,,,,,,,,,
Boiler 66,UK Chemical Industry…,"445,220",28,"8,013,960",0.000695135,,66783,66.783,2003.49,120209.4,40069.8,60,,41,<=,-9,<=,0,<=,0,,,,,,,,,,,,,
Boiler 67,UK Chemical Industry…,"445,220",28,"8,013,960",0.000695135,,66783,66.783,2003.49,120209.4,40069.8,60,,41,<=,-9,<=,0,<=,0,,,,,,,,,,,,,
Boiler 68,UK Chemical Industry…,"445,220",28,"8,013,960",0.000695135,,66783,66.783,2003.49,120209.4,40069.8,60,,41,<=,-9,<=,0,<=,0,,,,,,,,,,,,,
Boiler 69,UK Chemical Industry…,"445,220",28,"8,013,960",0.000695135,,66783,66.783,2003.49,120209.4,40069.8,60,,41,<=,-9,<=,0,<=,0,,,,,,,,,,,,,
Boiler 70,UK Chemical Industry…,"445,220",28,"8,013,960",0.000695135,,66783,66.783,2003.49,120209.4,40069.8,60,,41,<=,-9,<=,0,<=,0,,,,,,,,,,,,,
Boiler 71,UK Chemical Industry…,"445,220",28,"8,013,960",0.000695135,,66783,66.783,2003.49,120209.4,40069.8,60,,41,<=,-9,<=,0,<=,0,,,,,,,,,,,,,
Boiler 72,UK Chemical Industry…,"445,220",28,"8,013,960",0.000695135,,66783,66.783,2003.49,120209.4,40069.8,60,,41,<=,-9,<=,0,<=,0,,,,,,,,,,,,,
Boiler 73,UK Chemical Industry…,"445,220",28,"8,013,960",0.000695135,,66783,66.783,2003.49,120209.4,40069.8,60,,41,<=,-9,<=,0,<=,0,,,,,,,,,,,,,
Boiler 74,UK Chemical Industry…,"445,220",28,"8,013,960",0.000695135,,66783,66.783,2003.49,120209.4,40069.8,60,,41,<=,-9,<=,0,<=,0,,,,,,,,,,,,,
Boiler 75,UK Chemical Industry…,"445,220",28,"8,013,960",0.000695135,,66783,66.783,2003.49,120209.4,40069.8,60,,41,<=,-9,<=,0,<=,0,,,,,,,,,,,,,
Boiler 76,UK Chemical Industry…,"445,220",28,"8,013,960",0.000695135,,66783,66.783,2003.49,120209.4,40069.8,60,,41,<=,-9,<=,0.000695135,=<=,66.783,,,,,,,,,,,,,
Boiler 77,UK Chemical Industry…,"445,220",28,"8,013,960",0.000695135,,66783,66.783,2003.49,120209.4,40069.8,60,,41,<=,-9,<=,0.000695135,=<=,66.783,,,,,,,,,,,,,
Boiler 78,UK Chemical Industry…,"445,220",28,"8,013,960",0.000695135,,66783,66.783,2003.49,120209.4,40069.8,60,,41,<=,-9,<=,0.000695135,=<=,66.783,,,,,,,,,,,,,
Boiler 79,UK Chemical Industry…,"445,220",28,"8,013,960",0.000695135,,66783,66.783,2003.49,120209.4,40069.8,60,,41,<=,-9,<=,0.000695135,=<=,66.783,,,,,,,,,,,,,
Boiler 80,UK Chemical Industry…,"445,220",28,"8,013,960",0.000695135,,66783,66.783,2003.49,120209.4,40069.8,60,,41,<=,-9,<=,0.000695135,=<=,66.783,,,,,,,,,,,,,
Boiler 81,UK Chemical Industry…,"445,220",28,"8,013,960",0.000695135,,66783,66.783,2003.49,120209.4,40069.8,60,,41,<=,-9,<=,0.000695135,=<=,66.783,,,,,,,,,,,,,
Boiler 82,UK Chemical Industry…,"445,220",28,"8,013,960",0.000695135,,66783,66.783,2003.49,120209.4,40069.8,60,,41,<=,-9,<=,0.000695135,=<=,66.783,,,,,,,,,,,,,
Boiler 83,UK Chemical Industry…,"445,220",28,"8,013,960",0.000695135,,66783,66.783,2003.49,120209.4,40069.8,60,,41,<=,-9,<=,0.000695135,=<=,66.783,,,,,,,,,,,,,
Boiler 84,UK Chemical Industry…,"445,220",28,"8,013,960",0.000695135,,66783,66.783,2003.49,120209.4,40069.8,60,,41,<=,-9,<=,0.000695135,=<=,66.783,,,,,,,,,,,,,
Boiler 85,UK Chemical Industry…,"445,220",28,"8,013,960",0.000695135,,66783,66.783,2003.49,120209.4,40069.8,60,,41,<=,-9,<=,0.000695135,=<=,66.783,,,,,,,,,,,,,
Boiler 86,UK Chemical Industry…,"445,220",28,"8,013,960",0.000695135,,66783,66.783,2003.49,120209.4,40069.8,60,,41,<=,-9,<=,0.000695135,=<=,66.783,,,,,,,,,,,,,
Boiler 87,UK Chemical Industry…,"445,220",28,"8,013,960",0.000695135,,66783,66.783,2003.49,120209.4,40069.8,60,,41,<=,-9,<=,0.000695135,=<=,66.783,,,,,,,,,,,,,
Boiler 88,UK Chemical Industry…,"445,220",28,"8,013,960",0.000695135,,66783,66.783,2003.49,120209.4,40069.8,60,,41,<=,-9,<=,0.000695135,=<=,66.783,,,,,,,,,,,,,
Boiler 89,UK Chemical Industry…,"445,220",28,"8,013,960",0.000695135,,66783,66.783,2003.49,120209.4,40069.8,60,,32,<=,0,=<=,0.000695135,=<=,66.783,,,,,,,,,,,,,
Boiler 90,UK Chemical Industry…,"445,220",28,"8,013,960",0.000695135,,66783,66.783,2003.49,120209.4,40069.8,60,,41,<=,-9,<=,0.000695135,=<=,66.783,,,,,,,,,,,,,
Boiler 91,UK Chemical Industry…,"445,220",28,"8,013,960",0.000695135,,66783,66.783,2003.49,120209.4,40069.8,60,,41,<=,-9,<=,0.000695135,=<=,66.783,,,,,,,,,,,,,
Boiler 92,UK Chemical Industry…,"445,220",28,"8,013,960",0.000695135,,66783,66.783,2003.49,120209.4,40069.8,60,,41,<=,-9,<=,0.000695135,=<=,66.783,,,,,,,,,,,,,
Boiler 93,UK Chemical Industry…,"445,220",28,"8,013,960",0.000695135,,66783,66.783,2003.49,120209.4,40069.8,60,,41,<=,-9,<=,0.000695135,=<=,66.783,,,,,,,,,,,,,
Boiler 94,UK Chemical Industry…,"445,220",28,"8,013,960",0.000695135,,66783,66.783,2003.49,120209.4,40069.8,60,,41,<=,-9,<=,0.000695135,=<=,66.783,,,,,,,,,,,,,
Boiler 95,UK Chemical Industry…,"445,220",28,"8,013,960",0.000695135,,66783,66.783,2003.49,120209.4,40069.8,60,,41,<=,-9,<=,0.000695135,=<=,66.783,,,,,,,,,,,,,
Boiler 96,UK Chemical Industry…,"445,220",28,"8,013,960",0.000695135,,66783,66.783,2003.49,120209.4,40069.8,60,,41,<=,-9,<=,0.000695135,=<=,66.783,,,,,,,,,,,,,
Boiler 97,UK Chemical Industry…,"445,220",28,"8,013,960",0.000695135,,66783,66.783,2003.49,120209.4,40069.8,60,,41,<=,-9,<=,0.000695135,=<=,66.783,,,,,,,,,,,,,
Boiler 98,UK Chemical Industry…,"445,220",28,"8,013,960",0.000695135,,66783,66.783,2003.49,120209.4,40069.8,60,,41,<=,-9,<=,0.000695135,=<=,66.783,,,,,,,,,,,,,
Boiler 99,UK Chemical Industry…,"445,220",28,"8,013,960",0.000695135,,66783,66.783,2003.49,120209.4,40069.8,60,,41,<=,-9,<=,0,<=,0,,,,,,,,,,,,,
Boiler 100,UK Chemical Industry…,"445,220",28,"8,013,960",0.000695135,,66783,66.783,2003.49,120209.4,40069.8,60,,41,<=,-9,<=,0,<=,0,,,,,,,,,,,,,
Boiler 101,UK Chemical Industry…,"445,220",28,"8,013,960",0.000695135,,66783,66.783,2003.49,120209.4,40069.8,60,,41,<=,-9,<=,0,<=,0,,,,,,,,,,,,,
Boiler 102,UK Chemical Industry…,"445,220",28,"8,013,960",0.000695135,,66783,66.783,2003.49,120209.4,40069.8,60,,41,<=,-9,<=,0,<=,0,,,,,,,,,,,,,
Boiler 103,UK Chemical Industry…,"445,220",28,"8,013,960",0.000695135,,66783,66.783,2003.49,120209.4,40069.8,60,,41,<=,-9,<=,0,<=,0,,,,,,,,,,,,,
Boiler 104,UK Chemical Industry…,"445,220",28,"8,013,960",0.000695135,,66783,66.783,2003.49,120209.4,40069.8,60,,41,<=,-9,<=,0,<=,0,,,,,,,,,,,,,
Boiler 105,UK Chemical Industry…,"445,220",28,"8,013,960",0.000695135,,66783,66.783,2003.49,120209.4,40069.8,60,,41,<=,-9,<=,0,<=,0,,,,,,,,,,,,,
Boiler 106,UK Chemical Industry…,"1,024,520",28,"18,441,360",0.001599613,,153678,153.678,4610.34,276620.4,92206.8,60,,41,<=,-9,<=,0,<=,0,,,,,,,,,,,,,
Boiler 107,UK Chemical Industry…,"1,024,520",28,"18,441,360",0.001599613,,153678,153.678,4610.34,276620.4,92206.8,60,,41,<=,-9,<=,0,<=,0,,,,,,,,,,,,,
Boiler 108,UK Chemical Industry…,"1,024,520",28,"18,441,360",0.001599613,,153678,153.678,4610.34,276620.4,92206.8,60,,41,<=,-9,<=,0,<=,0,,,,,,,,,,,,,
Boiler 109,UK Chemical Industry…,"1,024,520",28,"18,441,360",0.001599613,,153678,153.678,4610.34,276620.4,92206.8,60,,41,<=,-9,<=,0,<=,0,,,,,,,,,,,,,
Boiler 110,UK Chemical Industry…,"1,024,520",28,"18,441,360",0.001599613,,153678,153.678,4610.34,276620.4,92206.8,60,,41,<=,-9,<=,0,<=,0,,,,,,,,,,,,,
Boiler 111,UK Chemical Industry…,"1,024,520",28,"18,441,360",0.001599613,,153678,153.678,4610.34,276620.4,92206.8,60,,41,<=,-9,<=,0,<=,0,,,,,,,,,,,,,
Boiler 112,UK Chemical Industry…,"1,024,520",28,"18,441,360",0.001599613,,153678,153.678,4610.34,276620.4,92206.8,60,,41,<=,-9,<=,0,<=,0,,,,,,,,,,,,,
Boiler 113,UK Chemical Industry…,"1,024,520",28,"18,441,360",0.001599613,,153678,153.678,4610.34,276620.4,92206.8,60,,41,<=,-9,<=,0,<=,0,,,,,,,,,,,,,
Boiler 114,UK Chemical Industry…,"1,024,520",28,"18,441,360",0.001599613,,153678,153.678,4610.34,276620.4,92206.8,60,,41,<=,-9,<=,0,<=,0,,,,,,,,,,,,,
Boiler 115,UK Chemical Industry…,"1,024,520",28,"18,441,360",0.001599613,,153678,153.678,4610.34,276620.4,92206.8,60,,41,<=,-9,<=,0,<=,0,,,,,,,,,,,,,
Boiler 116,UK Chemical Industry…,"1,024,520",28,"18,441,360",0.001599613,,153678,153.678,4610.34,276620.4,92206.8,60,,41,<=,-9,<=,0,<=,0,,,,,,,,,,,,,
Boiler 117,UK Chemical Industry…,"1,024,520",28,"18,441,360",0.001599613,,153678,153.678,4610.34,276620.4,92206.8,60,,41,<=,-9,<=,0,<=,0,,,,,,,,,,,,,
Boiler 118,UK Chemical Industry…,"1,024,520",28,"18,441,360",0.001599613,,153678,153.678,4610.34,276620.4,92206.8,60,,41,<=,-9,<=,0,<=,0,,,,,,,,,,,,,
Boiler 119,UK Chemical Industry…,"1,024,520",28,"18,441,360",0.001599613,,153678,153.678,4610.34,276620.4,92206.8,60,,41,<=,-9,<=,0,<=,0,,,,,,,,,,,,,
Boiler 120,UK Chemical Industry…,"1,024,520",28,"18,441,360",0.001599613,,153678,153.678,4610.34,276620.4,92206.8,60,,41,<=,-9,<=,0,<=,0,,,,,,,,,,,,,
Boiler 121,UK Chemical Industry…,"1,024,520",28,"18,441,360",0.001599613,,153678,153.678,4610.34,276620.4,92206.8,60,,41,<=,-9,<=,0,<=,0,,,,,,,,,,,,,
Boiler 122,UK Chemical Industry…,"1,024,520",28,"18,441,360",0.001599613,,153678,153.678,4610.34,276620.4,92206.8,60,,41,<=,-9,<=,0,<=,0,,,,,,,,,,,,,
Boiler 123,UK Chemical Industry…,"1,024,520",28,"18,441,360",0.001599613,,153678,153.678,4610.34,276620.4,92206.8,60,,41,<=,-9,<=,0,<=,0,,,,,,,,,,,,,
Boiler 124,UK Chemical Industry…,"1,024,520",28,"18,441,360",0.001599613,,153678,153.678,4610.34,276620.4,92206.8,60,,41,<=,-9,<=,0,<=,0,,,,,,,,,,,,,
Boiler 125,UK Chemical Industry…,"1,024,520",28,"18,441,360",0.001599613,,153678,153.678,4610.34,276620.4,92206.8,60,,41,<=,-9,<=,0,<=,0,,,,,,,,,,,,,
Boiler 126,UK Chemical Industry…,"1,024,520",28,"18,441,360",0.001599613,,153678,153.678,4610.34,276620.4,92206.8,60,,41,<=,-9,<=,0,<=,0,,,,,,,,,,,,,
Boiler 127,UK Chemical Industry…,"1,024,520",28,"18,441,360",0.001599613,,153678,153.678,4610.34,276620.4,92206.8,60,,41,<=,-9,<=,0,<=,0,,,,,,,,,,,,,
Boiler 128,UK Chemical Industry…,"1,024,520",28,"18,441,360",0.001599613,,153678,153.678,4610.34,276620.4,92206.8,60,,41,<=,-9,<=,0,<=,0,,,,,,,,,,,,,
Boiler 129,UK Chemical Industry…,"1,024,520",28,"18,441,360",0.001599613,,153678,153.678,4610.34,276620.4,92206.8,60,,41,<=,-9,<=,0,<=,0,,,,,,,,,,,,,
Boiler 130,UK Chemical Industry…,"1,024,520",28,"18,441,360",0.001599613,,153678,153.678,4610.34,276620.4,92206.8,60,,41,<=,-9,<=,0,<=,0,,,,,,,,,,,,,
Boiler 131,UK Chemical Industry…,"1,024,520",28,"18,441,360",0.001599613,,153678,153.678,4610.34,276620.4,92206.8,60,,41,<=,-9,<=,0,<=,0,,,,,,,,,,,,,
Boiler 132,UK Chemical Industry…,"1,024,520",28,"18,441,360",0.001599613,,153678,153.678,4610.34,276620.4,92206.8,60,,41,<=,-9,<=,0,<=,0,,,,,,,,,,,,,
Boiler 133,UK Chemical Industry…,"1,024,520",28,"18,441,360",0.001599613,,153678,153.678,4610.34,276620.4,92206.8,60,,41,<=,-9,<=,0,<=,0,,,,,,,,,,,,,
Boiler 134,UK Chemical Industry…,"1,024,520",28,"18,441,360",0.001599613,,153678,153.678,4610.34,276620.4,92206.8,60,,41,<=,-9,<=,0.001599613,=<=,153.678,,,,,,,,,,,,,
Boiler 135,UK Chemical Industry…,"1,024,520",28,"18,441,360",0.001599613,,153678,153.678,4610.34,276620.4,92206.8,60,,41,<=,-9,<=,0.001599613,=<=,153.678,,,,,,,,,,,,,
Boiler 136,UK Chemical Industry…,"1,024,520",28,"18,441,360",0.001599613,,153678,153.678,4610.34,276620.4,92206.8,60,,41,<=,-9,<=,0.001599613,=<=,153.678,,,,,,,,,,,,,
Boiler 137,UK Chemical Industry…,"1,024,520",28,"18,441,360",0.001599613,,153678,153.678,4610.34,276620.4,92206.8,60,,41,<=,-9,<=,0.001599613,=<=,153.678,,,,,,,,,,,,,
Boiler 138,UK Chemical Industry…,"1,024,520",28,"18,441,360",0.001599613,,153678,153.678,4610.34,276620.4,92206.8,60,,41,<=,-9,<=,0.001599613,=<=,153.678,,,,,,,,,,,,,
Boiler 139,UK Chemical Industry…,"1,024,520",28,"18,441,360",0.001599613,,153678,153.678,4610.34,276620.4,92206.8,60,,41,<=,-9,<=,0.001599613,=<=,153.678,,,,,,,,,,,,,
Boiler 140,UK Chemical Industry…,"1,024,520",28,"18,441,360",0.001599613,,153678,153.678,4610.34,276620.4,92206.8,60,,41,<=,-9,<=,0.001599613,=<=,153.678,,,,,,,,,,,,,
Boiler 141,UK Chemical Industry…,"1,024,520",28,"18,441,360",0.001599613,,153678,153.678,4610.34,276620.4,92206.8,60,,41,<=,-9,<=,0.001599613,=<=,153.678,,,,,,,,,,,,,
Boiler 142,UK Chemical Industry…,"1,024,520",28,"18,441,360",0.001599613,,153678,153.678,4610.34,276620.4,92206.8,60,,41,<=,-9,<=,0.001599613,=<=,153.678,,,,,,,,,,,,,
Boiler 143,UK Chemical Industry…,"1,024,520",28,"18,441,360",0.001599613,,153678,153.678,4610.34,276620.4,92206.8,60,,41,<=,-9,<=,0.001599613,=<=,153.678,,,,,,,,,,,,,
Boiler 144,UK Chemical Industry…,"1,024,520",28,"18,441,360",0.001599613,,153678,153.678,4610.34,276620.4,92206.8,60,,41,<=,-9,<=,0.001599613,=<=,153.678,,,,,,,,,,,,,
Boiler 145,UK Chemical Industry…,"1,024,520",28,"18,441,360",0.001599613,,153678,153.678,4610.34,276620.4,92206.8,60,,41,<=,-9,<=,0.001599613,=<=,153.678,,,,,,,,,,,,,
Boiler 146,UK Chemical Industry…,"1,024,520",28,"18,441,360",0.001599613,,153678,153.678,4610.34,276620.4,92206.8,60,,41,<=,-9,<=,0.001599613,=<=,153.678,,,,,,,,,,,,,
Boiler 147,UK Chemical Industry…,"1,024,520",28,"18,441,360",0.001599613,,153678,153.678,4610.34,276620.4,92206.8,60,,41,<=,-9,<=,0.001599613,=<=,153.678,,,,,,,,,,,,,
Boiler 148,UK Chemical Industry…,"1,024,520",28,"18,441,360",0.001599613,,153678,153.678,4610.34,276620.4,92206.8,60,,41,<=,-9,<=,0.001599613,=<=,153.678,,,,,,,,,,,,,
Boiler 149,UK Chemical Industry…,"1,024,520",28,"18,441,360",0.001599613,,153678,153.678,4610.34,276620.4,92206.8,60,,41,<=,-9,<=,0.001599613,=<=,153.678,,,,,,,,,,,,,
Boiler 150,UK Chemical Industry…,"1,024,520",28,"18,441,360",0.001599613,,153678,153.678,4610.34,276620.4,92206.8,60,,41,<=,-9,<=,0.001599613,=<=,153.678,,,,,,,,,,,,,
Boiler 151,UK Chemical Industry…,"1,024,520",28,"18,441,360",0.001599613,,153678,153.678,4610.34,276620.4,92206.8,60,,41,<=,-9,<=,0.001599613,=<=,153.678,,,,,,,,,,,,,
Boiler 152,UK Chemical Industry…,"1,024,520",28,"18,441,360",0.001599613,,153678,153.678,4610.34,276620.4,92206.8,60,,41,<=,-9,<=,0.001599613,=<=,153.678,,,,,,,,,,,,,
Boiler 153,UK Chemical Industry…,"1,024,520",28,"18,441,360",0.001599613,,153678,153.678,4610.34,276620.4,92206.8,60,,41,<=,-9,<=,0.001599613,=<=,153.678,,,,,,,,,,,,,
Boiler 154,UK Chemical Industry…,"1,024,520",28,"18,441,360",0.001599613,,153678,153.678,4610.34,276620.4,92206.8,60,,41,<=,-9,<=,0.001599613,=<=,153.678,,,,,,,,,,,,,
Boiler 155,UK Chemical Industry…,"1,024,520",28,"18,441,360",0.001599613,,153678,153.678,4610.34,276620.4,92206.8,60,,41,<=,-9,<=,0.001599613,=<=,153.678,,,,,,,,,,,,,
Boiler 156,UK Chemical Industry…,"1,024,520",28,"18,441,360",0.001599613,,153678,153.678,4610.34,276620.4,92206.8,60,,41,<=,-9,<=,0.001599613,=<=,153.678,,,,,,,,,,,,,
Boiler 157,UK Chemical Industry…,"1,024,520",28,"18,441,360",0.001599613,,153678,153.678,4610.34,276620.4,92206.8,60,,41,<=,-9,<=,0.001599613,=<=,153.678,,,,,,,,,,,,,
Boiler 158,UK Chemical Industry…,"1,024,520",28,"18,441,360",0.001599613,,153678,153.678,4610.34,276620.4,92206.8,60,,41,<=,-9,<=,0.001599613,=<=,153.678,,,,,,,,,,,,,
Boiler 159,UK Chemical Industry…,"1,024,520",28,"18,441,360",0.001599613,,153678,153.678,4610.34,276620.4,92206.8,60,,41,<=,-9,<=,0.001599613,=<=,153.678,,,,,,,,,,,,,
Boiler 160,UK Chemical Industry…,"1,024,520",28,"18,441,360",0.001599613,,153678,153.678,4610.34,276620.4,92206.8,60,,41,<=,-9,<=,0.001599613,=<=,153.678,,,,,,,,,,,,,
Boiler 161,UK Chemical Industry…,"1,024,520",28,"18,441,360",0.001599613,,153678,153.678,4610.34,276620.4,92206.8,60,,41,<=,-9,<=,0.001599613,=<=,153.678,,,,,,,,,,,,,
Boiler 162,UK Chemical Industry…,"1,024,520",28,"18,441,360",0.001599613,,153678,153.678,4610.34,276620.4,92206.8,60,,41,<=,-9,<=,0.001599613,=<=,153.678,,,,,,,,,,,,,
Boiler 163,UK Chemical Industry…,"1,024,520",28,"18,441,360",0.001599613,,153678,153.678,4610.34,276620.4,92206.8,60,,41,<=,-9,<=,0.001599613,=<=,153.678,,,,,,,,,,,,,
Boiler 164,UK Chemical Industry…,"1,024,520",28,"18,441,360",0.001599613,,153678,153.678,4610.34,276620.4,92206.8,60,,41,<=,-9,<=,0.001599613,=<=,153.678,,,,,,,,,,,,,
Boiler 165,UK Chemical Industry…,"1,024,520",28,"18,441,360",0.001599613,,153678,153.678,4610.34,276620.4,92206.8,60,,41,<=,-9,<=,0.001599613,=<=,153.678,,,,,,,,,,,,,
Boiler 166,UK Chemical Industry…,"1,024,520",28,"18,441,360",0.001599613,,153678,153.678,4610.34,276620.4,92206.8,60,,41,<=,-9,<=,0.001599613,=<=,153.678,,,,,,,,,,,,,
Boiler 167,UK Chemical Industry…,"1,024,520",28,"18,441,360",0.001599613,,153678,153.678,4610.34,276620.4,92206.8,60,,41,<=,-9,<=,0.001599613,=<=,153.678,,,,,,,,,,,,,
Boiler 168,UK Chemical Industry…,"1,024,520",28,"18,441,360",0.001599613,,153678,153.678,4610.34,276620.4,92206.8,60,,41,<=,-9,<=,0.001599613,=<=,153.678,,,,,,,,,,,,,
Boiler 169,UK Chemical Industry…,"1,024,520",28,"18,441,360",0.001599613,,153678,153.678,4610.34,276620.4,92206.8,60,,41,<=,-9,<=,0.001599613,=<=,153.678,,,,,,,,,,,,,
Boiler 170,UK Chemical Industry…,"1,024,520",28,"18,441,360",0.001599613,,153678,153.678,4610.34,276620.4,92206.8,60,,41,<=,-9,<=,0.001599613,=<=,153.678,,,,,,,,,,,,,
Boiler 171,UK Chemical Industry…,"1,024,520",28,"18,441,360",0.001599613,,153678,153.678,4610.34,276620.4,92206.8,60,,41,<=,-9,<=,0.001599613,=<=,153.678,,,,,,,,,,,,,
Boiler 172,UK Chemical Industry…,"1,024,520",28,"18,441,360",0.001599613,,153678,153.678,4610.34,276620.4,92206.8,60,,41,<=,-9,<=,0.001599613,=<=,153.678,,,,,,,,,,,,,
Boiler 173,UK Chemical Industry…,"1,024,520",28,"18,441,360",0.001599613,,153678,153.678,4610.34,276620.4,92206.8,60,,41,<=,-9,<=,0.001599613,=<=,153.678,,,,,,,,,,,,,
Boiler 174,UK Chemical Industry…,"1,024,520",28,"18,441,360",0.001599613,,153678,153.678,4610.34,276620.4,92206.8,60,,41,<=,-9,<=,0.001599613,=<=,153.678,,,,,,,,,,,,,
Boiler 175,UK Chemical Industry…,"1,024,520",28,"18,441,360",0.001599613,,153678,153.678,4610.34,276620.4,92206.8,60,,41,<=,-9,<=,0.001599613,=<=,153.678,,,,,,,,,,,,,
Boiler 176,UK Chemical Industry…,"1,024,520",28,"18,441,360",0.001599613,,153678,153.678,4610.34,276620.4,92206.8,60,,41,<=,-9,<=,0.001599613,=<=,153.678,,,,,,,,,,,,,
Boiler 177,UK Chemical Industry…,"1,024,520",28,"18,441,360",0.001599613,,153678,153.678,4610.34,276620.4,92206.8,60,,41,<=,-9,<=,0.001599613,=<=,153.678,,,,,,,,,,,,,
Boiler 178,UK Chemical Industry…,"1,024,520",28,"18,441,360",0.001599613,,153678,153.678,4610.34,276620.4,92206.8,60,,41,<=,-9,<=,0.001599613,=<=,153.678,,,,,,,,,,,,,
Boiler 179,UK Chemical Industry…,"1,024,520",28,"18,441,360",0.001599613,,153678,153.678,4610.34,276620.4,92206.8,60,,41,<=,-9,<=,0.001599613,=<=,153.678,,,,,,,,,,,,,
Boiler 180,UK Chemical Industry…,"1,024,520",28,"18,441,360",0.001599613,,153678,153.678,4610.34,276620.4,92206.8,60,,41,<=,-9,<=,0.001599613,=<=,153.678,,,,,,,,,,,,,
Boiler 181,UK Chemical Industry…,"1,024,520",28,"18,441,360",0.001599613,,153678,153.678,4610.34,276620.4,92206.8,60,,41,<=,-9,<=,0.001599613,=<=,153.678,,,,,,,,,,,,,
Boiler 182,UK Chemical Industry…,"1,024,520",28,"18,441,360",0.001599613,,153678,153.678,4610.34,276620.4,92206.8,60,,41,<=,-9,<=,0.001599613,=<=,153.678,,,,,,,,,,,,,
Boiler 183,UK Chemical Industry…,"1,024,520",28,"18,441,360",0.001599613,,153678,153.678,4610.34,276620.4,92206.8,60,,41,<=,-9,<=,0.001599613,=<=,153.678,,,,,,,,,,,,,
Boiler 184,UK Chemical Industry…,"1,024,520",28,"18,441,360",0.001599613,,153678,153.678,4610.34,276620.4,92206.8,60,,41,<=,-9,<=,0.001599613,=<=,153.678,,,,,,,,,,,,,
Boiler 185,UK Chemical Industry…,"1,024,520",28,"18,441,360",0.001599613,,153678,153.678,4610.34,276620.4,92206.8,60,,41,<=,-9,<=,0.001599613,=<=,153.678,,,,,,,,,,,,,
Boiler 186,UK Chemical Industry…,"1,024,520",28,"18,441,360",0.001599613,,153678,153.678,4610.34,276620.4,92206.8,60,,41,<=,-9,<=,0,<=,0,,,,,,,,,,,,,
Boiler 187,UK Chemical Industry…,"1,024,520",28,"18,441,360",0.001599613,,153678,153.678,4610.34,276620.4,92206.8,60,,41,<=,-9,<=,0.001599613,=<=,153.678,,,,,,,,,,,,,
Boiler 188,UK Chemical Industry…,"1,024,520",28,"18,441,360",0.001599613,,153678,153.678,4610.34,276620.4,92206.8,60,,41,<=,-9,<=,0.001599613,=<=,153.678,,,,,,,,,,,,,
Boiler 189,UK Chemical Industry…,"1,024,520",28,"18,441,360",0.001599613,,153678,153.678,4610.34,276620.4,92206.8,60,,41,<=,-9,<=,0.001599613,=<=,153.678,,,,,,,,,,,,,
Boiler 190,UK Chemical Industry…,"1,024,520",28,"18,441,360",0.001599613,,153678,153.678,4610.34,276620.4,92206.8,60,,41,<=,-9,<=,0.001599613,=<=,153.678,,,,,,,,,,,,,
Boiler 191,UK Chemical Industry…,"1,024,520",28,"18,441,360",0.001599613,,153678,153.678,4610.34,276620.4,92206.8,60,,41,<=,-9,<=,0.001599613,=<=,153.678,,,,,,,,,,,,,
Boiler 192,UK Chemical Industry…,"1,024,520",28,"18,441,360",0.001599613,,153678,153.678,4610.34,276620.4,92206.8,60,,41,<=,-9,<=,0.001599613,=<=,153.678,,,,,,,,,,,,,
Boiler 193,UK Chemical Industry…,"1,024,520",28,"18,441,360",0.001599613,,153678,153.678,4610.34,276620.4,92206.8,60,,41,<=,-9,<=,0.001599613,=<=,153.678,,,,,,,,,,,,,
Boiler 194,UK Chemical Industry…,"1,024,520",28,"18,441,360",0.001599613,,153678,153.678,4610.34,276620.4,92206.8,60,,41,<=,-9,<=,0.001599613,=<=,153.678,,,,,,,,,,,,,
Boiler 195,UK Chemical Industry…,"1,024,520",28,"18,441,360",0.001599613,,153678,153.678,4610.34,276620.4,92206.8,60,,41,<=,-9,<=,0.001599613,=<=,153.678,,,,,,,,,,,,,
Boiler 196,UK Chemical Industry…,"1,024,520",28,"18,441,360",0.001599613,,153678,153.678,4610.34,276620.4,92206.8,60,,41,<=,-9,<=,0.001599613,=<=,153.678,,,,,,,,,,,,,
Boiler 197,UK Chemical Industry…,"1,024,520",28,"18,441,360",0.001599613,,153678,153.678,4610.34,276620.4,92206.8,60,,41,<=,-9,<=,0.001599613,=<=,153.678,,,,,,,,,,,,,
Boiler 198,UK Chemical Industry…,"1,024,520",28,"18,441,360",0.001599613,,153678,153.678,4610.34,276620.4,92206.8,60,,41,<=,-9,<=,0.001599613,=<=,153.678,,,,,,,,,,,,,
Boiler 199,UK Chemical Industry…,"1,024,520",28,"18,441,360",0.001599613,,153678,153.678,4610.34,276620.4,92206.8,60,,41,<=,-9,<=,0.001599613,=<=,153.678,,,,,,,,,,,,,
Boiler 200,UK Chemical Industry…,"1,024,520",28,"18,441,360",0.001599613,,153678,153.678,4610.34,276620.4,92206.8,60,,41,<=,-9,<=,0.001599613,=<=,153.678,,,,,,,,,,,,,
Boiler 201,UK Chemical Industry…,"1,024,520",28,"18,441,360",0.001599613,,153678,153.678,4610.34,276620.4,92206.8,60,,41,<=,-9,<=,0.001599613,=<=,153.678,,,,,,,,,,,,,
Boiler 202,UK Chemical Industry…,"1,024,520",28,"18,441,360",0.001599613,,153678,153.678,4610.34,276620.4,92206.8,60,,41,<=,-9,<=,0.001599613,=<=,153.678,,,,,,,,,,,,,
Boiler 203,UK Chemical Industry…,"1,024,520",28,"18,441,360",0.001599613,,153678,153.678,4610.34,276620.4,92206.8,60,,41,<=,-9,<=,0.001599613,=<=,153.678,,,,,,,,,,,,,
Boiler 204,UK Chemical Industry…,"1,024,520",28,"18,441,360",0.001599613,,153678,153.678,4610.34,276620.4,92206.8,60,,41,<=,-9,<=,0,<=,0,,,,,,,,,,,,,
Boiler 205,UK Chemical Industry…,"1,024,520",28,"18,441,360",0.001599613,,153678,153.678,4610.34,276620.4,92206.8,60,,41,<=,-9,<=,0,<=,0,,,,,,,,,,,,,
Boiler 206,UK Chemical Industry…,"1,024,520",28,"18,441,360",0.001599613,,153678,153.678,4610.34,276620.4,92206.8,60,,41,<=,-9,<=,0,<=,0,,,,,,,,,,,,,
Boiler 207,UK Chemical Industry…,"1,024,520",28,"18,441,360",0.001599613,,153678,153.678,4610.34,276620.4,92206.8,60,,41,<=,-9,<=,0,<=,0,,,,,,,,,,,,,
Boiler 208,UK Chemical Industry…,"1,024,520",28,"18,441,360",0.001599613,,153678,153.678,4610.34,276620.4,92206.8,60,,41,<=,-9,<=,0,<=,0,,,,,,,,,,,,,
Boiler 209,UK Chemical Industry…,"1,024,520",28,"18,441,360",0.001599613,,153678,153.678,4610.34,276620.4,92206.8,60,,41,<=,-9,<=,0,<=,0,,,,,,,,,,,,,
Boiler 210,UK Chemical Industry…,"1,024,520",28,"18,441,360",0.001599613,,153678,153.678,4610.34,276620.4,92206.8,60,,41,<=,-9,<=,0,<=,0,,,,,,,,,,,,,
Boiler 211,UK Chemical Industry…,"1,024,520",28,"18,441,360",0.001599613,,153678,153.678,4610.34,276620.4,92206.8,60,,41,<=,-9,<=,0,<=,0,,,,,,,,,,,,,
Boiler 212,UK Chemical Industry…,"1,024,520",28,"18,441,360",0.001599613,,153678,153.678,4610.34,276620.4,92206.8,60,,41,<=,-9,<=,0,<=,0,,,,,,,,,,,,,
Boiler 213,UK Chemical Industry…,"1,024,520",28,"18,441,360",0.001599613,,153678,153.678,4610.34,276620.4,92206.8,60,,41,<=,-9,<=,0,<=,0,,,,,,,,,,,,,
Boiler 214,UK Chemical Industry…,"1,024,520",28,"18,441,360",0.001599613,,153678,153.678,4610.34,276620.4,92206.8,60,,41,<=,-9,<=,0,<=,0,,,,,,,,,,,,,
Boiler 215,UK Chemical Industry…,"1,024,520",28,"18,441,360",0.001599613,,153678,153.678,4610.34,276620.4,92206.8,60,,41,<=,-9,<=,0,<=,0,,,,,,,,,,,,,
Boiler 216,UK Chemical Industry…,"1,024,520",28,"18,441,360",0.001599613,,153678,153.678,4610.34,276620.4,92206.8,60,,41,<=,-9,<=,0,<=,0,,,,,,,,,,,,,
Boiler 217,UK Chemical Industry…,"1,024,520",28,"18,441,360",0.001599613,,153678,153.678,4610.34,276620.4,92206.8,60,,41,<=,-9,<=,0,<=,0,,,,,,,,,,,,,
Boiler 218,UK Chemical Industry…,"1,024,520",28,"18,441,360",0.001599613,,153678,153.678,4610.34,276620.4,92206.8,60,,41,<=,-9,<=,0,<=,0,,,,,,,,,,,,,
Boiler 219,UK Chemical Industry…,"1,024,520",28,"18,441,360",0.001599613,,153678,153.678,4610.34,276620.4,92206.8,60,,41,<=,-9,<=,0,<=,0,,,,,,,,,,,,,
Boiler 220,UK Chemical Industry…,"1,024,520",28,"18,441,360",0.001599613,,153678,153.678,4610.34,276620.4,92206.8,60,,41,<=,-9,<=,0,<=,0,,,,,,,,,,,,,
Boiler 221,UK Chemical Industry…,"1,024,520",28,"18,441,360",0.001599613,,153678,153.678,4610.34,276620.4,92206.8,60,,41,<=,-9,<=,0,<=,0,,,,,,,,,,,,,
Boiler 222,UK Chemical Industry…,"1,024,520",28,"18,441,360",0.001599613,,153678,153.678,4610.34,276620.4,92206.8,60,,41,<=,-9,<=,0,<=,0,,,,,,,,,,,,,
Boiler 223,UK Chemical Industry…,"1,024,520",28,"18,441,360",0.001599613,,153678,153.678,4610.34,276620.4,92206.8,60,,41,<=,-9,<=,0,<=,0,,,,,,,,,,,,,
Boiler 224,UK Chemical Industry…,"1,024,520",28,"18,441,360",0.001599613,,153678,153.678,4610.34,276620.4,92206.8,60,,41,<=,-9,<=,0,<=,0,,,,,,,,,,,,,
Boiler 225,UK Chemical Industry…,"1,024,520",28,"18,441,360",0.001599613,,153678,153.678,4610.34,276620.4,92206.8,60,,41,<=,-9,<=,0,<=,0,,,,,,,,,,,,,
Boiler 226,UK Chemical Industry…,"1,024,520",28,"18,441,360",0.001599613,,153678,153.678,4610.34,276620.4,92206.8,60,,41,<=,-9,<=,0,<=,0,,,,,,,,,,,,,
Boiler 227,UK Chemical Industry…,"1,024,520",28,"18,441,360",0.001599613,,153678,153.678,4610.34,276620.4,92206.8,60,,41,<=,-9,<=,0,<=,0,,,,,,,,,,,,,
Boiler 228,UK Chemical Industry…,"1,024,520",28,"18,441,360",0.001599613,,153678,153.678,4610.34,276620.4,92206.8,60,,41,<=,-9,<=,0,<=,0,,,,,,,,,,,,,
Boiler 229,UK Chemical Industry…,"1,024,520",28,"18,441,360",0.001599613,,153678,153.678,4610.34,276620.4,92206.8,60,,41,<=,-9,<=,0,<=,0,,,,,,,,,,,,,
Boiler 230,UK Chemical Industry…,"2,268,580",28,"40,834,440",0.003542001,,340287,340.287,10208.61,612516.6,204172.2,60,,41,<=,-9,<=,0,<=,0,,,,,,,,,,,,,
Boiler 231,UK Chemical Industry…,"2,268,580",28,"40,834,440",0.003542001,,340287,340.287,10208.61,612516.6,204172.2,60,,41,<=,-9,<=,0,<=,0,,,,,,,,,,,,,
Boiler 232,UK Chemical Industry…,"2,268,580",28,"40,834,440",0.003542001,,340287,340.287,10208.61,612516.6,204172.2,60,,41,<=,-9,<=,0,<=,0,,,,,,,,,,,,,
Boiler 233,UK Chemical Industry…,"2,268,580",28,"40,834,440",0.003542001,,340287,340.287,10208.61,612516.6,204172.2,60,,41,<=,-9,<=,0,<=,0,,,,,,,,,,,,,
Boiler 234,UK Chemical Industry…,2268580,27.80952381,40834440,0.003542001,,340287,340.287,10208.61,612516.6,204172.2,60,,41,<=,-9,<=,0,<=,0,,,,,,,,,,,,,
Boiler 235,UK Chemical Industry…,2268580,27.80952381,40834440,0.003542001,,340287,340.287,10208.61,612516.6,204172.2,60,,41,<=,-9,<=,0,<=,0,,,,,,,,,,,,,
Boiler 236,UK Chemical Industry…,2268580,27.80952381,40834440,0.003542001,,340287,340.287,10208.61,612516.6,204172.2,60,,41,<=,-9,<=,0,<=,0,,,,,,,,,,,,,
Boiler 237,UK Chemical Industry…,2268580,27.80952381,40834440,0.003542001,,340287,340.287,10208.61,612516.6,204172.2,60,,41,<=,-9,<=,0,<=,0,,,,,,,,,,,,,
Boiler 238,UK Chemical Industry…,2268580,27.80952381,40834440,0.003542001,,340287,340.287,10208.61,612516.6,204172.2,60,,41,<=,-9,<=,0,<=,0,,,,,,,,,,,,,
Boiler 239,UK Chemical Industry…,2268580,27.80952381,40834440,0.003542001,,340287,340.287,10208.61,612516.6,204172.2,60,,41,<=,-9,<=,0,<=,0,,,,,,,,,,,,,
Boiler 240,UK Chemical Industry…,2268580,27.80952381,40834440,0.003542001,,340287,340.287,10208.61,612516.6,204172.2,60,,41,<=,-9,<=,0,<=,0,,,,,,,,,,,,,
Boiler 241,UK Chemical Industry…,2268580,27.80952381,40834440,0.003542001,,340287,340.287,10208.61,612516.6,204172.2,60,,41,<=,-9,<=,0,<=,0,,,,,,,,,,,,,
Boiler 242,UK Chemical Industry…,2268580,27.80952381,40834440,0.003542001,,340287,340.287,10208.61,612516.6,204172.2,60,,41,<=,-9,<=,0,<=,0,,,,,,,,,,,,,
Boiler 243,UK Chemical Industry…,2268580,27.80952381,40834440,0.003542001,,340287,340.287,10208.61,612516.6,204172.2,60,,41,<=,-9,<=,0,<=,0,,,,,,,,,,,,,
Boiler 244,UK Chemical Industry…,2268580,27.80952381,40834440,0.003542001,,340287,340.287,10208.61,612516.6,204172.2,60,,41,<=,-9,<=,0,<=,0,,,,,,,,,,,,,
Boiler 245,UK Chemical Industry…,2268580,27.80952381,40834440,0.003542001,,340287,340.287,10208.61,612516.6,204172.2,60,,41,<=,-9,<=,0,<=,0,,,,,,,,,,,,,
Boiler 246,UK Chemical Industry…,2268580,27.80952381,40834440,0.003542001,,340287,340.287,10208.61,612516.6,204172.2,60,,41,<=,-9,<=,0,<=,0,,,,,,,,,,,,,
Boiler 247,UK Chemical Industry…,2268580,27.80952381,40834440,0.003542001,,340287,340.287,10208.61,612516.6,204172.2,60,,41,<=,-9,<=,0,<=,0,,,,,,,,,,,,,
Boiler 248,UK Chemical Industry…,2268580,27.80952381,40834440,0.003542001,,340287,340.287,10208.61,612516.6,204172.2,60,,41,<=,-9,<=,0,<=,0,,,,,,,,,,,,,
Boiler 249,UK Chemical Industry…,2268580,27.80952381,40834440,0.003542001,,340287,340.287,10208.61,612516.6,204172.2,60,,41,<=,-9,<=,0,<=,0,,,,,,,,,,,,,
Boiler 250,UK Chemical Industry…,2268580,27.80952381,40834440,0.003542001,,340287,340.287,10208.61,612516.6,204172.2,60,,41,<=,-9,<=,0,<=,0,,,,,,,,,,,,,
Boiler 251,UK Chemical Industry…,2268580,27.80952381,40834440,0.003542001,,340287,340.287,10208.61,612516.6,204172.2,60,,41,<=,-9,<=,0,<=,0,,,,,,,,,,,,,
Boiler 252,UK Chemical Industry…,2268580,27.80952381,40834440,0.003542001,,340287,340.287,10208.61,612516.6,204172.2,60,,41,<=,-9,<=,0,<=,0,,,,,,,,,,,,,
Boiler 253,UK Chemical Industry…,2268580,27.80952381,40834440,0.003542001,,340287,340.287,10208.61,612516.6,204172.2,60,,41,<=,-9,<=,0,<=,0,,,,,,,,,,,,,
Boiler 254,UK Chemical Industry…,2268580,27.80952381,40834440,0.003542001,,340287,340.287,10208.61,612516.6,204172.2,60,,41,<=,-9,<=,0,<=,0,,,,,,,,,,,,,
Boiler 255,UK Chemical Industry…,2268580,27.80952381,40834440,0.003542001,,340287,340.287,10208.61,612516.6,204172.2,60,,41,<=,-9,<=,0,<=,0,,,,,,,,,,,,,
Boiler 256,UK Chemical Industry…,2268580,27.80952381,40834440,0.003542001,,340287,340.287,10208.61,612516.6,204172.2,60,,50,=<=,-18,<=,0,<=,0,,,,,,,,,,,,,
Boiler 257,UK Chemical Industry…,2268580,27.80952381,40834440,0.003542001,,340287,340.287,10208.61,612516.6,204172.2,60,,41,<=,-9,<=,0,<=,0,,,,,,,,,,,,,
Boiler 258,UK Chemical Industry…,2268580,27.80952381,40834440,0.003542001,,340287,340.287,10208.61,612516.6,204172.2,60,,41,<=,-9,<=,0,<=,0,,,,,,,,,,,,,
Boiler 259,UK Chemical Industry…,2268580,27.80952381,40834440,0.003542001,,340287,340.287,10208.61,612516.6,204172.2,60,,41,<=,-9,<=,0.003542001,=<=,340.287,,,,,,,,,,,,,
Boiler 260,UK Chemical Industry…,2268580,27.80952381,40834440,0.003542001,,340287,340.287,10208.61,612516.6,204172.2,60,,41,<=,-9,<=,0.003542001,=<=,340.287,,,,,,,,,,,,,
Boiler 261,UK Chemical Industry…,2268580,27.80952381,40834440,0.003542001,,340287,340.287,10208.61,612516.6,204172.2,60,,41,<=,-9,<=,0,<=,0,,,,,,,,,,,,,
Boiler 262,UK Chemical Industry…,2268580,27.80952381,40834440,0.003542001,,340287,340.287,10208.61,612516.6,204172.2,60,,41,<=,-9,<=,0.003542001,=<=,340.287,,,,,,,,,,,,,
Boiler 263,UK Chemical Industry…,2268580,27.80952381,40834440,0.003542001,,340287,340.287,10208.61,612516.6,204172.2,60,,41,<=,-9,<=,0.003542001,=<=,340.287,,,,,,,,,,,,,
Boiler 264,UK Chemical Industry…,2268580,27.80952381,40834440,0.003542001,,340287,340.287,10208.61,612516.6,204172.2,60,,41,<=,-9,<=,0,<=,0,,,,,,,,,,,,,
Boiler 265,UK Chemical Industry…,2268580,27.80952381,40834440,0.003542001,,340287,340.287,10208.61,612516.6,204172.2,60,,41,<=,-9,<=,0.003542001,=<=,340.287,,,,,,,,,,,,,
Boiler 266,UK Chemical Industry…,2268580,27.80952381,40834440,0.003542001,,340287,340.287,10208.61,612516.6,204172.2,60,,41,<=,-9,<=,0.003542001,=<=,340.287,,,,,,,,,,,,,
Boiler 267,UK Chemical Industry…,2268580,27.80952381,40834440,0.003542001,,340287,340.287,10208.61,612516.6,204172.2,60,,41,<=,-9,<=,0,<=,0,,,,,,,,,,,,,
Boiler 268,UK Chemical Industry…,2268580,27.80952381,40834440,0.003542001,,340287,340.287,10208.61,612516.6,204172.2,60,,41,<=,-9,<=,0,<=,0,,,,,,,,,,,,,
Boiler 269,UK Chemical Industry…,2268580,27.80952381,40834440,0.003542001,,340287,340.287,10208.61,612516.6,204172.2,60,,41,<=,-9,<=,0.003542001,=<=,340.287,,,,,,,,,,,,,
Boiler 270,UK Chemical Industry…,2268580,27.80952381,40834440,0.003542001,,340287,340.287,10208.61,612516.6,204172.2,60,,41,<=,-9,<=,0.003542001,=<=,340.287,,,,,,,,,,,,,
Boiler 271,UK Chemical Industry…,2268580,27.80952381,40834440,0.003542001,,340287,340.287,10208.61,612516.6,204172.2,60,,41,<=,-9,<=,0.003542001,=<=,340.287,,,,,,,,,,,,,
Boiler 272,UK Chemical Industry…,2268580,27.80952381,40834440,0.003542001,,340287,340.287,10208.61,612516.6,204172.2,60,,41,<=,-9,<=,0.003542001,=<=,340.287,,,,,,,,,,,,,
Boiler 273,UK Chemical Industry…,2268580,27.80952381,40834440,0.003542001,,340287,340.287,10208.61,612516.6,204172.2,60,,41,<=,-9,<=,0,<=,0,,,,,,,,,,,,,
Boiler 274,UK Chemical Industry…,2268580,27.80952381,40834440,0.003542001,,340287,340.287,10208.61,612516.6,204172.2,60,,41,<=,-9,<=,0,<=,0,,,,,,,,,,,,,
Boiler 275,UK Chemical Industry…,2268580,27.80952381,40834440,0.003542001,,340287,340.287,10208.61,612516.6,204172.2,60,,41,<=,-9,<=,0,<=,0,,,,,,,,,,,,,
Boiler 276,UK Chemical Industry…,2268580,27.80952381,40834440,0.003542001,,340287,340.287,10208.61,612516.6,204172.2,60,,41,<=,-9,<=,0.003542001,=<=,340.287,,,,,,,,,,,,,
Boiler 277,UK Chemical Industry…,2268580,27.80952381,40834440,0.003542001,,340287,340.287,10208.61,612516.6,204172.2,60,,41,<=,-9,<=,0.003542001,=<=,340.287,,,,,,,,,,,,,
Boiler 278,UK Chemical Industry…,2268580,27.80952381,40834440,0.003542001,,340287,340.287,10208.61,612516.6,204172.2,60,,41,<=,-9,<=,0.003542001,=<=,340.287,,,,,,,,,,,,,
Boiler 279,UK Chemical Industry…,2268580,27.80952381,40834440,0.003542001,,340287,340.287,10208.61,612516.6,204172.2,60,,41,<=,-9,<=,0.003542001,=<=,340.287,,,,,,,,,,,,,
Boiler 280,UK Chemical Industry…,2268580,27.80952381,40834440,0.003542001,,340287,340.287,10208.61,612516.6,204172.2,60,,41,<=,-9,<=,0.003542001,=<=,340.287,,,,,,,,,,,,,
Boiler 281,UK Chemical Industry…,2268580,27.80952381,40834440,0.003542001,,340287,340.287,10208.61,612516.6,204172.2,60,,32,<=,0,=<=,0.003542001,=<=,340.287,,,,,,,,,,,,,
Boiler 282,UK Chemical Industry…,2268580,27.80952381,40834440,0.003542001,,340287,340.287,10208.61,612516.6,204172.2,60,,41,<=,-9,<=,0.003542001,=<=,340.287,,,,,,,,,,,,,
Boiler 283,UK Chemical Industry…,2268580,27.80952381,40834440,0.003542001,,340287,340.287,10208.61,612516.6,204172.2,60,,41,<=,-9,<=,0,<=,0,,,,,,,,,,,,,
Boiler 284,UK Chemical Industry…,2268580,27.80952381,40834440,0.003542001,,340287,340.287,10208.61,612516.6,204172.2,60,,41,<=,-9,<=,0,<=,0,,,,,,,,,,,,,
Boiler 285,UK Chemical Industry…,2268580,27.80952381,40834440,0.003542001,,340287,340.287,10208.61,612516.6,204172.2,60,,41,<=,-9,<=,0,<=,0,,,,,,,,,,,,,
Boiler 286,UK Chemical Industry…,2268580,27.80952381,40834440,0.003542001,,340287,340.287,10208.61,612516.6,204172.2,60,,41,<=,-9,<=,0,<=,0,,,,,,,,,,,,,
Boiler 287,UK Chemical Industry…,2268580,27.80952381,40834440,0.003542001,,340287,340.287,10208.61,612516.6,204172.2,60,,41,<=,-9,<=,0,<=,0,,,,,,,,,,,,,
Boiler 288,UK Chemical Industry…,2268580,27.80952381,40834440,0.003542001,,340287,340.287,10208.61,612516.6,204172.2,60,,41,<=,-9,<=,0.003542001,=<=,340.287,,,,,,,,,,,,,
Boiler 289,UK Chemical Industry…,2268580,27.80952381,40834440,0.003542001,,340287,340.287,10208.61,612516.6,204172.2,60,,41,<=,-9,<=,0.003542001,=<=,340.287,,,,,,,,,,,,,
Boiler 290,UK Chemical Industry…,2268580,27.80952381,40834440,0.003542001,,340287,340.287,10208.61,612516.6,204172.2,60,,41,<=,-9,<=,0.003542001,=<=,340.287,,,,,,,,,,,,,
Boiler 291,UK Chemical Industry…,2268580,27.80952381,40834440,0.003542001,,340287,340.287,10208.61,612516.6,204172.2,60,,41,<=,-9,<=,0.003542001,=<=,340.287,,,,,,,,,,,,,
Boiler 292,UK Chemical Industry…,2268580,27.80952381,40834440,0.003542001,,340287,340.287,10208.61,612516.6,204172.2,60,,41,<=,-9,<=,0.003542001,=<=,340.287,,,,,,,,,,,,,
Boiler 293,UK Chemical Industry…,2268580,27.80952381,40834440,0.003542001,,340287,340.287,10208.61,612516.6,204172.2,60,,41,<=,-9,<=,0.003542001,=<=,340.287,,,,,,,,,,,,,
Boiler 294,UK Chemical Industry…,2268580,27.80952381,40834440,0.003542001,,340287,340.287,10208.61,612516.6,204172.2,60,,32,<=,0,=<=,0.003542001,=<=,340.287,,,,,,,,,,,,,
Boiler 295,UK Chemical Industry…,2268580,27.80952381,40834440,0.003542001,,340287,340.287,10208.61,612516.6,204172.2,60,,41,<=,-9,<=,0.003542001,=<=,340.287,,,,,,,,,,,,,
Boiler 296,UK Chemical Industry…,2268580,27.80952381,40834440,0.003542001,,340287,340.287,10208.61,612516.6,204172.2,60,,41,<=,-9,<=,0.003542001,=<=,340.287,,,,,,,,,,,,,
Boiler 297,UK Chemical Industry…,2268580,27.80952381,40834440,0.003542001,,340287,340.287,10208.61,612516.6,204172.2,60,,41,<=,-9,<=,0,<=,0,,,,,,,,,,,,,
Boiler 298,UK Chemical Industry…,2268580,27.80952381,40834440,0.003542001,,340287,340.287,10208.61,612516.6,204172.2,60,,41,<=,-9,<=,0,<=,0,,,,,,,,,,,,,
Boiler 299,UK Chemical Industry…,2268580,27.80952381,40834440,0.003542001,,340287,340.287,10208.61,612516.6,204172.2,60,,41,<=,-9,<=,0,<=,0,,,,,,,,,,,,,
Boiler 300,UK Chemical Industry…,2268580,27.80952381,40834440,0.003542001,,340287,340.287,10208.61,612516.6,204172.2,60,,41,<=,-9,<=,0,<=,0,,,,,,,,,,,,,
Boiler 301,UK Chemical Industry…,2268580,27.80952381,40834440,0.003542001,,340287,340.287,10208.61,612516.6,204172.2,60,,41,<=,-9,<=,0,<=,0,,,,,,,,,,,,,
Boiler 302,UK Chemical Industry…,2268580,27.80952381,40834440,0.003542001,,340287,340.287,10208.61,612516.6,204172.2,60,,41,<=,-9,<=,0,<=,0,,,,,,,,,,,,,
Boiler 303,UK Chemical Industry…,2268580,27.80952381,40834440,0.003542001,,340287,340.287,10208.61,612516.6,204172.2,60,,41,<=,-9,<=,0,<=,0,,,,,,,,,,,,,
Boiler 304,UK Chemical Industry…,2268580,27.80952381,40834440,0.003542001,,340287,340.287,10208.61,612516.6,204172.2,60,,41,<=,-9,<=,0,<=,0,,,,,,,,,,,,,
Boiler 305,UK Chemical Industry…,2268580,27.80952381,40834440,0.003542001,,340287,340.287,10208.61,612516.6,204172.2,60,,41,<=,-9,<=,0.003542001,=<=,340.287,,,,,,,,,,,,,
Boiler 306,UK Chemical Industry…,2268580,27.80952381,40834440,0.003542001,,340287,340.287,10208.61,612516.6,204172.2,60,,41,<=,-9,<=,0.003542001,=<=,340.287,,,,,,,,,,,,,
Boiler 307,UK Chemical Industry…,2268580,27.80952381,40834440,0.003542001,,340287,340.287,10208.61,612516.6,204172.2,60,,32,<=,0,=<=,0.003542001,=<=,340.287,,,,,,,,,,,,,
Boiler 308,UK Chemical Industry…,2268580,27.80952381,40834440,0.003542001,,340287,340.287,10208.61,612516.6,204172.2,60,,41,<=,-9,<=,0.003542001,=<=,340.287,,,,,,,,,,,,,
Boiler 309,UK Chemical Industry…,2268580,27.80952381,40834440,0.003542001,,340287,340.287,10208.61,612516.6,204172.2,60,,41,<=,-9,<=,0.003542001,=<=,340.287,,,,,,,,,,,,,
Boiler 310,UK Chemical Industry…,2268580,27.80952381,40834440,0.003542001,,340287,340.287,10208.61,612516.6,204172.2,60,,41,<=,-9,<=,0.003542001,=<=,340.287,,,,,,,,,,,,,
Boiler 311,UK Chemical Industry…,2268580,27.80952381,40834440,0.003542001,,340287,340.287,10208.61,612516.6,204172.2,60,,41,<=,-9,<=,0.003542001,=<=,340.287,,,,,,,,,,,,,
Boiler 312,UK Chemical Industry…,2268580,27.80952381,40834440,0.003542001,,340287,340.287,10208.61,612516.6,204172.2,60,,41,<=,-9,<=,0.003542001,=<=,340.287,,,,,,,,,,,,,
Boiler 313,UK Chemical Industry…,2268580,27.80952381,40834440,0.003542001,,340287,340.287,10208.61,612516.6,204172.2,60,,41,<=,-9,<=,0.003542001,=<=,340.287,,,,,,,,,,,,,
Boiler 314,UK Chemical Industry…,2268580,27.80952381,40834440,0.003542001,,340287,340.287,10208.61,612516.6,204172.2,60,,41,<=,-9,<=,0.003542001,=<=,340.287,,,,,,,,,,,,,
Boiler 315,UK Chemical Industry…,2268580,27.80952381,40834440,0.003542001,,340287,340.287,10208.61,612516.6,204172.2,60,,41,<=,-9,<=,0.003542001,=<=,340.287,,,,,,,,,,,,,
Boiler 316,UK Chemical Industry…,2268580,27.80952381,40834440,0.003542001,,340287,340.287,10208.61,612516.6,204172.2,60,,41,<=,-9,<=,0.003542001,=<=,340.287,,,,,,,,,,,,,
Boiler 317,UK Chemical Industry…,2268580,27.80952381,40834440,0.003542001,,340287,340.287,10208.61,612516.6,204172.2,60,,41,<=,-9,<=,0.003542001,=<=,340.287,,,,,,,,,,,,,
Boiler 318,UK Chemical Industry…,4537140,27.80952381,81668520,0.007083971,,680571,680.571,20417.13,1225027.8,408342.6,60,,41,<=,-9,<=,0.007083971,=<=,680.571,,,,,,,,,,,,,
Boiler 319,UK Chemical Industry…,4537140,27.80952381,81668520,0.007083971,,680571,680.571,20417.13,1225027.8,408342.6,60,,41,<=,-9,<=,0.007083971,=<=,680.571,,,,,,,,,,,,,
Boiler 320,UK Chemical Industry…,4537140,27.80952381,81668520,0.007083971,,680571,680.571,20417.13,1225027.8,408342.6,60,,37,<=,-4,<=,0,<=,0,,,,,,,,,,,,,
Boiler 321,UK Chemical Industry…,4537140,27.80952381,81668520,0.007083971,,680571,680.571,20417.13,1225027.8,408342.6,60,,41,<=,-9,<=,0,<=,0,,,,,,,,,,,,,
Boiler 322,UK Chemical Industry…,4537140,27.80952381,81668520,0.007083971,,680571,680.571,20417.13,1225027.8,408342.6,60,,41,<=,-9,<=,0,<=,0,,,,,,,,,,,,,
Boiler 323,UK Chemical Industry…,4537140,27.80952381,81668520,0.007083971,,680571,680.571,20417.13,1225027.8,408342.6,60,,41,<=,-9,<=,0,<=,0,,,,,,,,,,,,,
Boiler 324,UK Chemical Industry…,4537140,27.80952381,81668520,0.007083971,,680571,680.571,20417.13,1225027.8,408342.6,60,,41,<=,-9,<=,0,<=,0,,,,,,,,,,,,,
Boiler 325,UK Chemical Industry…,4537140,27.80952381,81668520,0.007083971,,680571,680.571,20417.13,1225027.8,408342.6,60,,41,<=,-9,<=,0,<=,0,,,,,,,,,,,,,
Boiler 326,UK Chemical Industry…,4537140,27.80952381,81668520,0.007083971,,680571,680.571,20417.13,1225027.8,408342.6,60,,41,<=,-9,<=,0,<=,0,,,,,,,,,,,,,
Boiler 327,UK Chemical Industry…,4537140,27.80952381,81668520,0.007083971,,680571,680.571,20417.13,1225027.8,408342.6,60,,41,<=,-9,<=,0,<=,0,,,,,,,,,,,,,
Boiler 328,UK Chemical Industry…,4537140,27.80952381,81668520,0.007083971,,680571,680.571,20417.13,1225027.8,408342.6,60,,41,<=,-9,<=,0,<=,0,,,,,,,,,,,,,
Boiler 329,UK Chemical Industry…,4537140,27.80952381,81668520,0.007083971,,680571,680.571,20417.13,1225027.8,408342.6,60,,41,<=,-9,<=,0,<=,0,,,,,,,,,,,,,
Boiler 330,UK Chemical Industry…,4537140,27.80952381,81668520,0.007083971,,680571,680.571,20417.13,1225027.8,408342.6,60,,41,<=,-9,<=,0,<=,0,,,,,,,,,,,,,
Boiler 331,UK Chemical Industry…,4537140,27.80952381,81668520,0.007083971,,680571,680.571,20417.13,1225027.8,408342.6,60,,41,<=,-9,<=,0.007083971,=<=,680.571,,,,,,,,,,,,,
Boiler 332,UK Chemical Industry…,4537140,27.80952381,81668520,0.007083971,,680571,680.571,20417.13,1225027.8,408342.6,60,,41,<=,-9,<=,0.007083971,=<=,680.571,,,,,,,,,,,,,
Boiler 333,UK Chemical Industry…,4537140,27.80952381,81668520,0.007083971,,680571,680.571,20417.13,1225027.8,408342.6,60,,41,<=,-9,<=,0.007083971,=<=,680.571,,,,,,,,,,,,,
Boiler 334,UK Chemical Industry…,4537140,27.80952381,81668520,0.007083971,,680571,680.571,20417.13,1225027.8,408342.6,60,,41,<=,-9,<=,0.007083971,=<=,680.571,,,,,,,,,,,,,
Boiler 335,UK Chemical Industry…,4537140,27.80952381,81668520,0.007083971,,680571,680.571,20417.13,1225027.8,408342.6,60,,41,<=,-9,<=,0.007083971,=<=,680.571,,,,,,,,,,,,,
Boiler 336,UK Chemical Industry…,4537140,27.80952381,81668520,0.007083971,,680571,680.571,20417.13,1225027.8,408342.6,60,,41,<=,-9,<=,0.007083971,=<=,680.571,,,,,,,,,,,,,
Boiler 337,UK Chemical Industry…,4537140,27.80952381,81668520,0.007083971,,680571,680.571,20417.13,1225027.8,408342.6,60,,41,<=,-9,<=,0.007083971,=<=,680.571,,,,,,,,,,,,,
Boiler 338,UK Chemical Industry…,4537140,27.80952381,81668520,0.007083971,,680571,680.571,20417.13,1225027.8,408342.6,60,,41,<=,-9,<=,0.007083971,=<=,680.571,,,,,,,,,,,,,
Boiler 339,UK Chemical Industry…,4537140,27.80952381,81668520,0.007083971,,680571,680.571,20417.13,1225027.8,408342.6,60,,41,<=,-9,<=,0.007083971,=<=,680.571,,,,,,,,,,,,,
Boiler 340,UK Chemical Industry…,4537140,27.80952381,81668520,0.007083971,,680571,680.571,20417.13,1225027.8,408342.6,60,,41,<=,-9,<=,0.007083971,=<=,680.571,,,,,,,,,,,,,
Boiler 341,UK Chemical Industry…,4537140,27.80952381,81668520,0.007083971,,680571,680.571,20417.13,1225027.8,408342.6,60,,41,<=,-9,<=,0.007083971,=<=,680.571,,,,,,,,,,,,,
Boiler 342,UK Chemical Industry…,10586660,27.80952381,190559880,0.016529267,,1587999,1587.999,47639.97,2858398.2,952799.4,60,,41,<=,-9,<=,0.014588797,<=,1401.574269,,,,,,,,,,,,,
Boiler 343,UK Chemical Industry…,10586660,27.80952381,190559880,0.016529267,,1587999,1587.999,47639.97,2858398.2,952799.4,60,,41,<=,-9,<=,0.014588797,<=,1401.574269,,,,,,,,,,,,,
Boiler 344,UK Chemical Industry…,10586660,27.80952381,190559880,0.016529267,,1587999,1587.999,47639.97,2858398.2,952799.4,60,,41,<=,-9,<=,0.014588797,<=,1401.574269,,,,,,,,,,,,,
Boiler 345,UK Chemical Industry…,10586660,27.80952381,190559880,0.016529267,,1587999,1587.999,47639.97,2858398.2,952799.4,60,,32,<=,0,=<=,0.014588797,<=,1401.574269,,,,,,,,,,,,,
Boiler 346,UK Chemical Industry…,10586660,27.80952381,190559880,0.016529267,,1587999,1587.999,47639.97,2858398.2,952799.4,60,,41,<=,-9,<=,0.014588797,<=,1401.574269,,,,,,,,,,,,,
Boiler 347,UK Chemical Industry…,10586660,27.80952381,190559880,0.016529267,,1587999,1587.999,47639.97,2858398.2,952799.4,60,,41,<=,-9,<=,0.014588797,<=,1401.574269,,,,,,,,,,,,,
Boiler 348,UK Chemical Industry…,10586660,27.80952381,190559880,0.016529267,,1587999,1587.999,47639.97,2858398.2,952799.4,60,,41,<=,-9,<=,0.014588797,<=,1401.574269,,,,,,,,,,,,,
Boiler 349,UK Chemical Industry…,10586660,27.80952381,190559880,0.016529267,,1587999,1587.999,47639.97,2858398.2,952799.4,60,,41,<=,-9,<=,0.012724162,<=,1222.435134,,,,,,,,,,,,,
Boiler 350,UK Chemical Industry…,10586660,27.80952381,190559880,0.016529267,,1587999,1587.999,47639.97,2858398.2,952799.4,60,,41,<=,-9,<=,0.012724162,<=,1222.435134,,,,,,,,,,,,,
Boiler 351,UK Chemical Industry…,15721200,27.80952381,282981600,0.024545976,,2358180,2358.18,70745.4,4244724,1414908,60,,41,<=,-9,<=,0.012724162,<=,1222.435134,,,,,,,,,,,,,
Boiler 352,UK Chemical Industry…,15721200,27.80952381,282981600,0.024545976,,2358180,2358.18,70745.4,4244724,1414908,60,,41,<=,-9,<=,0.0136218,<=,1308.673002,,,,,,,,,,,,,
Boiler 353,UK Chemical Industry…,15721200,27.80952381,282981600,0.024545976,,2358180,2358.18,70745.4,4244724,1414908,60,,41,<=,-9,<=,0.024545976,=<=,2358.18,,,,,,,,,,,,,
Boiler 354,UK Chemical Industry…,15721200,27.80952381,282981600,0.024545976,,2358180,2358.18,70745.4,4244724,1414908,60,,41,<=,-9,<=,0.024545976,=<=,2358.18,,,,,,,,,,,,,
,,,,,,,,,,,,,,,,,,,,,,,,,,,,,,,,,
,,,,,,,,,,,,,,,,,,,,,,,,,,,,,,,,,
,,,,,,,,,,,,,,,,,,,,,,,,,,,,,,,,,
,,,,,,,,,,,,,,,,,,,,,,,,,,,,,,,,,
,,,,,,,,,,,,,,,,,,,,,,,,,,,,,,,,,
,,,,,,,,,,,,,,,,,,,,,,,,,,,,,,,,,
,,,,,,,,,,,,,,,,,,,,,,,,,,,,,,,,,
,,,,,,,,,,,,,,,,,,,,,,,,,,,,,,,,,